NT - Coriolanus,Other
"NT - One Man, Two Gu",Other
Apollo's Fire,Choral
Ensemble Basiani,Other
Schola Cantorum of V,Other
Joshua Bell,Choral
The Silk Road Ensemb,Other
St Petersburg Philha,Choral
NT - The Kitchen,Other
Canadian Brass,Other
Los Angeles Guitar Q,Other
Chanticleer,Other
Berlin Philharmonic,Chamber
Jason Moran's Fats W,Jazz
Ahmad Jamal,Jazz
1927: The Animals an,Other
Chris Thile,Other
Mark Morris Dance Gr,Dance
Kronos Quartet,Chamber
Fred Hersch Trio,Jazz
Hagen Quartet,Chamber
Handel's Messiah,Other
The Infernal Comedy,Choral
Ariel Quartet,Chamber
NT - Timon of Athens,Other
SITI: Trojan Women,Other
Dave Holland,Jazz
Sabine Meyer,Chamber
FAM -Aspen Santa Fe,Other
Ragamala Dance,Dance
"Anne-Sophie Mutter,",Choral
NT - This House,Other
Aspen Santa Fe Balle,Dance
Esperanza Spalding,Other
Kremerata Baltica,Choral
JLCO with Wynton,Jazz
NT - People,Other
Kodo,Other
Ballet Preljocaj,Dance
NT - The Comedy of E,Other
NT - Othello,Other
Takacs Quartet,Chamber
San Francisco Sympho,Choral
A Night in Treme,Jazz
Sweet Honey In The R,Other
Goran Bregovic,Other
Complicite,Other
NT - Collaborators,Other
Colin Stetson,Other
Dan Zanes and Friend,Other
RSC in HD - Richard,Other
Prudencia Hart,Other
State Symphony Capel,Other
Random Dance,Dance
"Joshua Bell, violin",Choral
St Lawrence Quartet,Chamber
Kidd Pivot,Dance
Compagnie Kafig,Dance
Pavel Haas Quartet,Chamber
Alfredo Rodriguez &,Jazz
Akademie fur Alte Mu,Choral
"Tara Erraught, mezzo",Choral
Ukulele Orchestra of,Other
Milhaud's Oresteian,Choral
Usher party,Other
Angelique Kidjo,Other
Murray Perahia,Choral
Chamber Ens of the S,Chamber
Suzhou Kun Troupe,Other
NT - Frankenstein,Other
Dianne Reeves Quarte,Jazz
Belcea Quartet,Chamber
Detroit Symphony Orc,Choral
Hamid Al-Saadi,Other
Audra McDonald,Choral
Beijing Guitar Duo,Other
Rhinoceros,Other
One Night in Bamako,Other
Mariachi Vargas de T,Other
Stile Antico,Other
Cloud Gate Dance The,Dance
NT - Last of the Hau,Other
Max Raabe,Other
New York Philharmoni,Choral
Propeller: Taming of,Other
Emerson String Quart,Chamber
New Century Chamber,Chamber
Breakin' Curfew,Other
London Philharmonic,Choral
Manganiyar Seduction,Other
Fela!,Other
Cheikh Lo,Other
Hamburg Symphony,Choral
Brahms's Requiem,Other
DC: Hubbard,Other
From Cass Corridor,Jazz
Zakir Hussain,Other
Brooklyn Rider,Chamber
"Andras Schiff, piano",Choral
The Tallis Scholars,Other
Gate Theatre,Other
Charles Lloyd Quarte,Jazz
Blind Summit,Other
Martha Graham Dance,Dance
Theatre des Bouffes,Other
James Blake,Other
Mariinsky Orchestra,Choral
Les Violons du Roy,Chamber
Diego El Cigala,Other
Gabriel Kahane,Other
Jerusalem String Qua,Chamber
The Andersen Project,Other
Asif Ali Khan,Other
St Lawrence String Q,Chamber
NT - Traveling Ligh,Other
Bobby McFerrin,Other
AnDa Union,Other
Elias String Quartet,Chamber
Jazz at Lincoln Cent,Jazz
The King's Singers,Other
Israel Philharmonic,Choral
NT - Macbeth,Other
Gilberto Gil,Other
Mavericks All Access,Other
Diego - post perf,Other
Alison Balsom,Choral
Amjad Ali Khan,Other
"Olga Kern, piano",Choral
"Yuja Wang, piano",Choral
NT - The Curious Inc,Other
DC: Ballet Preljocaj,Other
Chicago Symphony Orc,Choral
NT - The Magistrate,Other
Artemis Quartet,Chamber
Propeller: Twelfth N,Other
NT - War Horse,Other
"Denis Matsuev, piano",Choral
Steve Lehman Octet,Jazz
NT - The Audience,Other
Bullet Catch,Other
Hubbard Street Dance,Dance
Handel's Radamisto,Choral
NT - She Stoops,Other
Einstein on the Beac,Other